{
    "accuracy": 0.8905472636815921,
    "precision": 1.0,
    "recall": 0.7821782178217822,
    "f1_score": 0.8777777777777778,
    "confusion_matrix": [
        [
            100,
            0
        ],
        [
            22,
            79
        ]
    ],
    "classification_report": {
        "0": {
            "precision": 0.819672131147541,
            "recall": 1.0,
            "f1-score": 0.9009009009009009,
            "support": 100.0
        },
        "1": {
            "precision": 1.0,
            "recall": 0.7821782178217822,
            "f1-score": 0.8777777777777778,
            "support": 101.0
        },
        "accuracy": 0.8905472636815921,
        "macro avg": {
            "precision": 0.9098360655737705,
            "recall": 0.8910891089108911,
            "f1-score": 0.8893393393393394,
            "support": 201.0
        },
        "weighted avg": {
            "precision": 0.9102846423619606,
            "recall": 0.8905472636815921,
            "f1-score": 0.8892818191325654,
            "support": 201.0
        }
    }
}